start_id,start_vertex_type,end_id,start_vertex_type
1,form,8,function
2,form,8,function
3,form,8,function
4,form,8,function
4,form,45,function
5,form,8,function
5,form,39,function
7,form,8,function
7,form,15,function
7,form,24,function
7,form,25,function
7,form,26,function
8,form,8,function
8,form,15,function
8,form,53,function
8,form,55,function
9,form,15,function
9,form,35,function
10,form,11,function
10,form,12,function
10,form,13,function
10,form,14,function
10,form,54,function
11,form,8,function
11,form,15,function
12,form,7,function
12,form,8,function
12,form,17,function
13,form,13,function
14,form,15,function
14,form,27,function
14,form,29,function
15,form,55,function
16,form,13,function
16,form,14,function
16,form,54,function
18,form,15,function
18,form,50,function
19,form,6,function
20,form,30,function
20,form,39,function
20,form,41,function
21,form,30,function
21,form,56,function
22,form,7,function
23,form,7,function
23,form,8,function
23,form,20,function
24,form,7,function
24,form,20,function
25,form,7,function
25,form,29,function
25,form,31,function
26,form,7,function
27,form,3,function
29,form,30,function
29,form,52,function
29,form,53,function
29,form,54,function
29,form,55,function
30,form,30,function
31,form,30,function
32,form,30,function
32,form,56,function
33,form,12,function
33,form,30,function
34,form,39,function
35,form,39,function
36,form,8,function
36,form,39,function
37,form,8,function
38,form,53,function
38,form,54,function
39,form,39,function
39,form,54,function
40,form,39,function
40,form,57,function
41,form,22,function
41,form,39,function
41,form,56,function
42,form,28,function
43,form,28,function
43,form,39,function
44,form,40,function
52,form,23,function
52,form,24,function
53,form,20,function
53,form,23,function
53,form,24,function
53,form,44,function
54,form,3,function
55,form,40,function
55,form,55,function
56,form,25,function
58,form,39,function
59,form,8,function
59,form,14,function
59,form,15,function
59,form,16,function
59,form,39,function
60,form,8,function
60,form,39,function
61,form,8,function
61,form,39,function
63,form,6,function
63,form,7,function
63,form,8,function
63,form,39,function
64,form,35,function
64,form,39,function
65,form,8,function
65,form,39,function
67,form,28,function
67,form,39,function
67,form,50,function
68,form,7,function
68,form,8,function
68,form,9,function
68,form,47,function
69,form,48,function
70,form,39,function
70,form,53,function
70,form,54,function
71,form,39,function
72,form,55,function
73,form,42,function
74,form,8,function
74,form,42,function
75,form,37,function
76,form,37,function
78,form,53,function
79,form,13,function
79,form,14,function
79,form,15,function
79,form,53,function
80,form,11,function
80,form,27,function
80,form,44,function
81,form,16,function
81,form,18,function
81,form,44,function
82,form,44,function
82,form,49,function
83,form,20,function
83,form,44,function
83,form,47,function
83,form,49,function
84,form,15,function
84,form,44,function
86,form,28,function
86,form,36,function
86,form,39,function
86,form,49,function
87,form,39,function
87,form,48,function
88,form,5,function
88,form,6,function
88,form,7,function
88,form,8,function
88,form,39,function
89,form,36,function
89,form,39,function
89,form,47,function
90,form,39,function
90,form,47,function
90,form,49,function
90,form,51,function
91,form,3,function
91,form,39,function
91,form,47,function
91,form,54,function
91,form,55,function
91,form,56,function
92,form,39,function
92,form,46,function
92,form,47,function
92,form,49,function
93,form,39,function
93,form,45,function
94,form,39,function
94,form,47,function
94,form,49,function
95,form,59,function
96,form,39,function
97,form,3,function
97,form,51,function
98,form,37,function
99,form,37,function
99,form,39,function
99,form,40,function
99,form,41,function
99,form,42,function
100,form,37,function
100,form,55,function
100,form,56,function
101,form,37,function
102,form,37,function
103,form,8,function
103,form,45,function
104,form,27,function
104,form,37,function
105,form,32,function
105,form,33,function
105,form,34,function
107,form,37,function
109,form,25,function
109,form,37,function
110,form,25,function
110,form,37,function
111,form,39,function
112,form,28,function
112,form,39,function
113,form,6,function
113,form,8,function
114,form,7,function
114,form,8,function
114,form,20,function
115,form,20,function
115,form,37,function
116,form,7,function
116,form,20,function
116,form,23,function
116,form,24,function
117,form,7,function
117,form,8,function
117,form,11,function
117,form,58,function
118,form,4,function
118,form,8,function
120,form,4,function
120,form,8,function
121,form,4,function
121,form,8,function
122,form,4,function
122,form,5,function
123,form,4,function
123,form,8,function
124,form,4,function
124,form,8,function
125,form,4,function
125,form,8,function
126,form,4,function
126,form,8,function
127,form,4,function
127,form,8,function
128,form,4,function
128,form,8,function
129,form,8,function
130,form,8,function
130,form,15,function
131,form,8,function
131,form,15,function
132,form,8,function
132,form,19,function
134,form,5,function
134,form,8,function
135,form,5,function
135,form,8,function
136,form,5,function
136,form,8,function
137,form,5,function
137,form,8,function
137,form,22,function
138,form,5,function
138,form,8,function
139,form,5,function
139,form,7,function
139,form,8,function
140,form,5,function
140,form,8,function
140,form,44,function
141,form,17,function
141,form,52,function
141,form,53,function
141,form,55,function
142,form,35,function
142,form,56,function
143,form,19,function
144,form,15,function
145,form,30,function
146,form,30,function
147,form,4,function
147,form,8,function
148,form,7,function
148,form,20,function
149,form,7,function
149,form,20,function
150,form,32,function
150,form,51,function
151,form,32,function
152,form,3,function
153,form,3,function
154,form,3,function
155,form,3,function
156,form,3,function
157,form,2,function
158,form,16,function
158,form,53,function
159,form,16,function
162,form,8,function
162,form,35,function
163,form,8,function
163,form,39,function
163,form,56,function
164,form,7,function
164,form,8,function
164,form,35,function
165,form,7,function
165,form,8,function
165,form,39,function
165,form,56,function
166,form,7,function
166,form,8,function
166,form,39,function
166,form,56,function
167,form,7,function
167,form,8,function
167,form,35,function
168,form,7,function
168,form,8,function
168,form,39,function
168,form,56,function
169,form,7,function
169,form,8,function
169,form,39,function
169,form,56,function
170,form,30,function
170,form,50,function
171,form,48,function
172,form,39,function
172,form,57,function
173,form,39,function
173,form,56,function
173,form,57,function
174,form,39,function
174,form,57,function
175,form,39,function
176,form,22,function
176,form,56,function
176,form,57,function
177,form,28,function
177,form,34,function
177,form,35,function
178,form,28,function
179,form,16,function
179,form,17,function
179,form,28,function
180,form,17,function
180,form,28,function
181,form,20,function
181,form,28,function
182,form,20,function
182,form,28,function
183,form,28,function
184,form,28,function
185,form,27,function
185,form,40,function
186,form,40,function
187,form,20,function
187,form,40,function
188,form,3,function
188,form,40,function
189,form,40,function
190,form,3,function
190,form,40,function
191,form,40,function
191,form,49,function
192,form,13,function
193,form,10,function
194,form,10,function
194,form,20,function
195,form,10,function
196,form,26,function
196,form,34,function
197,form,11,function
197,form,26,function
198,form,10,function
199,form,10,function
199,form,20,function
200,form,13,function
200,form,40,function
201,form,3,function
201,form,40,function
202,form,31,function
202,form,34,function
203,form,20,function
203,form,31,function
204,form,1,function
204,form,21,function
205,form,20,function
205,form,40,function
206,form,3,function
206,form,40,function
207,form,18,function
207,form,25,function
208,form,18,function
208,form,20,function
209,form,21,function
209,form,33,function
210,form,26,function
211,form,39,function
212,form,35,function
212,form,39,function
213,form,8,function
214,form,8,function
214,form,15,function
214,form,16,function
214,form,35,function
215,form,39,function
215,form,56,function
216,form,22,function
217,form,37,function
218,form,28,function
218,form,39,function
219,form,28,function
219,form,39,function
220,form,28,function
220,form,39,function
221,form,28,function
221,form,39,function
222,form,39,function
223,form,39,function
224,form,16,function
224,form,28,function
225,form,28,function
227,form,42,function
227,form,48,function
228,form,9,function
228,form,44,function
229,form,17,function
229,form,27,function
229,form,42,function
230,form,27,function
230,form,42,function
231,form,42,function
231,form,47,function
231,form,48,function
231,form,49,function
232,form,6,function
232,form,7,function
232,form,8,function
232,form,20,function
232,form,42,function
233,form,3,function
233,form,42,function
234,form,42,function
234,form,52,function
235,form,43,function
236,form,20,function
236,form,43,function
237,form,3,function
237,form,43,function
238,form,43,function
238,form,45,function
238,form,55,function
240,form,37,function
241,form,37,function
242,form,44,function
242,form,55,function
243,form,6,function
243,form,7,function
243,form,8,function
243,form,54,function
244,form,54,function
245,form,37,function
245,form,41,function
246,form,3,function
246,form,37,function
247,form,20,function
247,form,27,function
247,form,44,function
248,form,3,function
248,form,44,function
249,form,3,function
250,form,3,function
250,form,44,function
251,form,17,function
251,form,44,function
251,form,47,function
251,form,49,function
252,form,22,function
252,form,39,function
252,form,47,function
253,form,22,function
253,form,36,function
253,form,39,function
254,form,22,function
254,form,36,function
254,form,39,function
255,form,35,function
255,form,37,function
255,form,46,function
255,form,47,function
256,form,29,function
257,form,7,function
257,form,41,function
258,form,39,function
259,form,39,function
260,form,28,function
261,form,28,function
261,form,39,function
261,form,48,function
262,form,28,function
262,form,39,function
263,form,28,function
263,form,39,function
264,form,36,function
264,form,39,function
265,form,8,function
265,form,36,function
265,form,39,function
266,form,39,function
267,form,39,function
268,form,20,function
268,form,39,function
269,form,38,function
269,form,39,function
270,form,39,function
271,form,3,function
271,form,39,function
272,form,3,function
272,form,38,function
273,form,2,function
273,form,18,function
274,form,3,function
275,form,3,function
275,form,47,function
276,form,3,function
276,form,43,function
277,form,3,function
278,form,3,function
278,form,21,function
279,form,3,function
280,form,3,function
280,form,21,function
281,form,3,function
282,form,3,function
283,form,1,function
283,form,2,function
283,form,3,function
284,form,11,function
284,form,44,function
284,form,45,function
284,form,50,function
285,form,11,function
285,form,30,function
285,form,31,function
285,form,32,function
285,form,50,function
286,form,6,function
286,form,7,function
286,form,8,function
286,form,50,function
287,form,37,function
288,form,2,function
288,form,37,function
289,form,37,function
290,form,8,function
291,form,10,function
291,form,44,function
292,form,37,function
293,form,8,function
293,form,25,function
293,form,37,function
294,form,25,function
295,form,38,function
295,form,39,function
295,form,41,function
296,form,28,function
296,form,39,function
297,form,6,function
297,form,8,function
298,form,14,function
298,form,34,function
299,form,14,function
299,form,32,function
301,form,34,function
301,form,36,function
301,form,50,function
302,form,37,function
302,form,39,function
302,form,50,function
303,form,20,function
304,form,20,function
304,form,42,function
305,form,20,function
305,form,32,function
306,form,20,function
306,form,37,function
307,form,20,function
307,form,39,function
308,form,20,function
308,form,28,function
308,form,39,function
309,form,23,function
309,form,24,function
310,form,20,function
310,form,42,function
311,form,21,function
311,form,51,function
